-1.195312500000000000e+00	-8.828125000000000000e-01	-2.441406250000000000e-01	-2.000000000000000000e+00	-2.312500000000000000e+00	1.484375000000000000e+00	-3.484375000000000000e+00	-2.562500000000000000e+00
1.523437500000000000e+00	-3.843750000000000000e+00	1.117187500000000000e+00	-2.406250000000000000e+00	-3.593750000000000000e+00	-2.046875000000000000e+00	-2.000000000000000000e+00	-2.500000000000000000e+00
-1.570312500000000000e+00	2.000000000000000000e+00	-1.890625000000000000e+00	-1.765625000000000000e+00	-1.046875000000000000e+00	1.562500000000000000e+00	-2.000000000000000000e+00	-2.734375000000000000e+00
-2.296875000000000000e+00	-2.453125000000000000e+00	-3.218750000000000000e+00	-2.734375000000000000e+00	-5.976562500000000000e-01	6.796875000000000000e-01	-2.515625000000000000e+00	-2.000000000000000000e+00
-2.015625000000000000e+00	-2.140625000000000000e+00	-1.000000000000000000e+00	-2.000000000000000000e+00	1.164062500000000000e+00	1.289062500000000000e+00	-2.000000000000000000e+00	-2.687500000000000000e+00
-2.000000000000000000e+00	2.656250000000000000e-01	1.257812500000000000e+00	-1.781250000000000000e+00	-2.000000000000000000e+00	-7.421875000000000000e-02	-1.250000000000000000e+00	-2.000000000000000000e+00
-2.000000000000000000e+00	-2.078125000000000000e+00	-2.687500000000000000e+00	1.476562500000000000e+00	1.695312500000000000e+00	1.507812500000000000e+00	9.140625000000000000e-01	-2.468750000000000000e+00
-1.328125000000000000e+00	9.609375000000000000e-01	-4.960937500000000000e-01	-2.000000000000000000e+00	-2.015625000000000000e+00	2.000000000000000000e+00	-1.225585937500000000e-01	-2.593750000000000000e+00
1.101562500000000000e+00	1.492187500000000000e+00	1.171875000000000000e+00	-2.000000000000000000e+00	-2.000000000000000000e+00	-2.765625000000000000e+00	-2.000000000000000000e+00	-2.109375000000000000e+00
-2.062500000000000000e+00	-1.265625000000000000e+00	1.846313476562500000e-03	8.203125000000000000e-01	-2.000000000000000000e+00	1.148437500000000000e+00	1.210937500000000000e+00	-2.000000000000000000e+00
1.000000000000000000e+00	9.804687500000000000e-01	-2.625000000000000000e+00	-2.000000000000000000e+00	-2.703125000000000000e+00	-3.343750000000000000e+00	-2.187500000000000000e+00	6.367187500000000000e-01
-2.796875000000000000e+00	1.570312500000000000e+00	-2.031250000000000000e+00	8.007812500000000000e-01	-3.015625000000000000e+00	9.882812500000000000e-01	-2.500000000000000000e+00	-2.093750000000000000e+00
-1.257812500000000000e+00	-3.250000000000000000e+00	-1.265625000000000000e+00	-2.000000000000000000e+00	-2.031250000000000000e+00	-2.906250000000000000e+00	-2.718750000000000000e+00	-2.000000000000000000e+00
-9.218750000000000000e-01	2.015625000000000000e+00	1.023437500000000000e+00	-1.000000000000000000e+00	1.656250000000000000e+00	-1.000000000000000000e+00	-2.000000000000000000e+00	1.484375000000000000e+00
-3.281250000000000000e+00	1.007812500000000000e+00	-1.195312500000000000e+00	-1.000000000000000000e+00	1.593750000000000000e+00	-1.000000000000000000e+00	-2.031250000000000000e+00	-1.031250000000000000e+00
1.187500000000000000e+00	-2.562500000000000000e+00	-2.140625000000000000e+00	-2.078125000000000000e+00	1.007812500000000000e+00	-3.265625000000000000e+00	-9.179687500000000000e-01	1.460937500000000000e+00
1.390625000000000000e+00	1.164062500000000000e+00	-1.000000000000000000e+00	-1.000000000000000000e+00	1.632812500000000000e+00	1.093750000000000000e+00	-9.765625000000000000e-01	-2.125000000000000000e+00
-2.000000000000000000e+00	-2.140625000000000000e+00	-3.222656250000000000e-01	-1.125000000000000000e+00	1.689453125000000000e-01	-3.140625000000000000e+00	1.078125000000000000e+00	-3.112792968750000000e-02
-3.062500000000000000e+00	1.773437500000000000e+00	-3.453125000000000000e+00	-1.703125000000000000e+00	-2.687500000000000000e+00	-2.015625000000000000e+00	-3.437500000000000000e+00	-3.250000000000000000e+00
1.062500000000000000e+00	-2.000000000000000000e+00	3.847656250000000000e-01	-2.140625000000000000e+00	-3.484375000000000000e+00	1.320312500000000000e+00	-3.500000000000000000e+00	-3.562500000000000000e+00
1.109375000000000000e+00	-3.359375000000000000e+00	-2.000000000000000000e+00	1.085937500000000000e+00	-3.453125000000000000e+00	-3.265625000000000000e+00	-2.000000000000000000e+00	-3.046875000000000000e+00
-2.703125000000000000e+00	-4.707031250000000000e-01	-9.687500000000000000e-01	-2.015625000000000000e+00	-2.203125000000000000e+00	-3.375000000000000000e+00	-3.359375000000000000e+00	-3.421875000000000000e+00
-2.015625000000000000e+00	-2.031250000000000000e+00	-2.812500000000000000e+00	9.140625000000000000e-01	-3.203125000000000000e+00	-3.046875000000000000e+00	-3.468750000000000000e+00	-2.671875000000000000e+00
-3.578125000000000000e+00	1.359375000000000000e+00	-3.625000000000000000e+00	-2.000000000000000000e+00	-3.531250000000000000e+00	-2.656250000000000000e+00	-4.296875000000000000e-01	-2.093750000000000000e+00
-3.265625000000000000e+00	-7.343750000000000000e-01	-3.437500000000000000e+00	-2.000000000000000000e+00	1.101562500000000000e+00	-2.929687500000000000e-01	1.250000000000000000e+00	-2.953125000000000000e+00
-5.039062500000000000e-01	2.000000000000000000e+00	-3.109375000000000000e+00	7.421875000000000000e-01	-1.031250000000000000e+00	-1.289062500000000000e+00	-2.000000000000000000e+00	-3.156250000000000000e+00
8.164062500000000000e-01	-3.468750000000000000e+00	-3.468750000000000000e+00	7.500000000000000000e-01	-3.000000000000000000e+00	-3.546875000000000000e+00	-3.437500000000000000e+00	1.250000000000000000e+00
-3.453125000000000000e+00	2.000000000000000000e+00	-3.250000000000000000e+00	-1.890625000000000000e+00	-3.484375000000000000e+00	1.273437500000000000e+00	7.070312500000000000e-01	-2.296875000000000000e+00
-3.093750000000000000e+00	-3.343750000000000000e+00	-2.015625000000000000e+00	1.015625000000000000e+00	-3.015625000000000000e+00	-3.593750000000000000e+00	-2.046875000000000000e+00	-3.562500000000000000e+00
-3.765625000000000000e+00	-3.468750000000000000e+00	1.609375000000000000e+00	-3.546875000000000000e+00	-2.703125000000000000e+00	7.851562500000000000e-01	-1.585937500000000000e+00	-2.000000000000000000e+00
1.023437500000000000e+00	9.492187500000000000e-01	1.137695312500000000e-01	1.085937500000000000e+00	-1.023437500000000000e+00	-2.031250000000000000e+00	2.000000000000000000e+00	1.507812500000000000e+00
-3.000000000000000000e+00	-1.125000000000000000e+00	-3.375000000000000000e+00	-3.421875000000000000e+00	-3.312500000000000000e+00	-2.109375000000000000e+00	-3.140625000000000000e+00	-2.000000000000000000e+00
